Workload,Worklet,Phase,Load Level,Performance,Transactions/sec,Input Generation Time,Successful Time,Sum Average Watts,Watts_1,Volts_1,Amps_1,Uncert_1,PF_1
CPU,Compress,Measurement,100,31135.131132,31135.003314,141.172,3692.133,431.385794,431.385794,226.433778,1.923213,0.003491,0.990689
CPU,Compress,Measurement,98,30543.687617,30543.296828,135.027,3530.876,427.505238,427.505238,226.412763,1.906446,0.003513,0.990487
CPU,Compress,Measurement,96,29917.9589,29917.564028,129.628,3387.840,422.316746,422.316746,226.479971,1.883046,0.003539,0.990363
CPU,Compress,Measurement,94,29290.18637,29289.832297,123.135,3131.816,413.962143,413.962143,226.43281,1.847229,0.003591,0.989773
CPU,Compress,Measurement,92,28693.384255,28692.966171,119.123,3023.394,408.394365,408.394365,226.40225,1.823128,0.003624,0.989494
CPU,Compress,Measurement,90,28046.908744,28046.636764,114.810,2911.630,402.09627,402.09627,226.544017,1.79449,0.003663,0.989152
CPU,Compress,Measurement,88,27447.626678,27447.221041,113.716,2877.031,388.487381,388.487381,226.508615,1.736895,0.003757,0.988171
CPU,Compress,Measurement,86,26811.799949,26811.3991,130.118,3253.531,325.026349,325.026349,226.764168,1.458553,0.004271,0.982711
CPU,Compress,Measurement,84,26185.307952,26184.300423,125.008,3125.528,321.50746,321.50746,227.221407,1.440567,0.004306,0.982234
CPU,Compress,Measurement,82,25533.371098,25532.952629,120.054,2998.904,317.175635,317.175635,227.651902,1.419739,0.004354,0.981357
CPU,Compress,Measurement,80,24937.292974,24937.125598,115.551,2887.536,312.780317,312.780317,228.207713,1.397718,0.004402,0.980607
CPU,Compress,Measurement,78,24335.192837,24334.697025,111.426,2781.705,308.217222,308.217222,228.128056,1.378445,0.00445,0.980146
CPU,Compress,Measurement,76,23658.812684,23658.662721,106.871,2666.216,303.328254,303.328254,228.34455,1.356299,0.004504,0.979418
CPU,Compress,Measurement,74,23085.684379,23085.528949,103.095,2571.934,298.848889,298.848889,228.603563,1.335218,0.004551,0.979092
CPU,Compress,Measurement,72,22465.489565,22465.161588,99.178,2474.507,294.275714,294.275714,228.505705,1.316672,0.004609,0.978111
CPU,Compress,Measurement,70,21839.416733,21839.083965,95.413,2377.965,289.596984,289.596984,228.17361,1.298244,0.004663,0.97764
CPU,Compress,Measurement,68,21191.286416,21191.03574,91.556,2281.491,284.54254,284.54254,228.098301,1.276852,0.004725,0.976983
CPU,Compress,Measurement,66,20581.860477,20581.608713,88.226,2195.719,279.714048,279.714048,228.043516,1.256178,0.004785,0.976457
CPU,Compress,Measurement,64,19930.380301,19929.732149,84.623,2106.097,274.793651,274.793651,228.095664,1.234711,0.00485,0.975739
CPU,Compress,Measurement,62,19341.343464,19341.265842,81.604,2028.132,270.054365,270.054365,228.1552,1.214182,0.004916,0.974856
CPU,Compress,Measurement,60,18710.48717,18710.289994,78.401,1946.292,265.041746,265.041746,228.041219,1.192798,0.004983,0.974414
CPU,Compress,Measurement,58,18073.697907,18073.510982,75.380,1868.339,260.642857,260.642857,227.842189,1.174661,0.005045,0.973874
CPU,Compress,Measurement,56,17455.830874,17455.551209,72.557,1793.963,254.915635,254.915635,227.761949,1.150075,0.005129,0.973177
CPU,Compress,Measurement,54,16818.5936,16818.504272,69.778,1721.452,249.959286,249.959286,228.083848,1.12646,0.005201,0.972898
CPU,Compress,Measurement,52,16199.03452,16198.827676,67.290,1654.257,246.785794,246.785794,227.956537,1.105839,0.005178,0.979
CPU,Compress,Measurement,50,15571.669117,15571.500653,64.825,1588.927,241.745873,241.745873,228.018765,1.083885,0.005263,0.978158
CPU,Compress,Measurement,48,14970.130953,14970.079617,62.774,1532.220,236.401587,236.401587,228.206873,1.059836,0.005354,0.977438
CPU,Compress,Measurement,46,14327.490075,14327.387625,60.717,1474.020,230.562302,230.562302,228.224621,1.0343,0.005457,0.976759
CPU,Compress,Measurement,44,13719.876865,13719.686032,58.986,1423.272,224.853095,224.853095,228.230988,1.009025,0.005559,0.976404
CPU,Compress,Measurement,42,13092.023951,13091.904463,57.389,1375.228,218.826429,218.826429,228.084797,0.983023,0.00256,0.975997
CPU,Compress,Measurement,40,12469.796823,12469.509933,56.039,1333.555,212.633651,212.633651,227.768856,0.957154,0.002566,0.975363
CPU,Compress,Measurement,38,11838.601389,11838.512282,54.949,1297.009,206.159921,206.159921,228.065682,0.927453,0.002572,0.974679
CPU,Compress,Measurement,36,11215.601943,11215.531364,53.867,1262.586,199.637778,199.637778,227.886529,0.899295,0.002576,0.974168
CPU,Compress,Measurement,34,10577.090372,10576.950181,53.178,1236.448,192.978651,192.978651,227.135337,0.872625,0.002581,0.973673
CPU,Compress,Measurement,32,9979.063173,9978.951584,52.284,1209.155,186.726111,186.726111,227.271453,0.844324,0.002585,0.973108
CPU,Compress,Measurement,30,9357.756114,9357.636246,51.577,1187.757,179.985635,179.985635,227.185908,0.814816,0.002592,0.972322
CPU,Compress,Measurement,28,8742.348968,8742.28724,50.518,1159.731,173.467778,173.467778,227.427813,0.78558,0.002605,0.97095
CPU,Compress,Measurement,26,8117.328267,8117.26866,49.125,1127.495,167.027778,167.027778,227.5956,0.757512,0.002625,0.968838
CPU,Compress,Measurement,24,7486.963101,7486.879886,47.438,1090.703,160.457063,160.457063,227.78621,0.729202,0.002651,0.966052
CPU,Compress,Measurement,22,6854.391549,6854.340249,45.249,1042.268,154.214365,154.214365,228.060015,0.702058,0.002677,0.963186
CPU,Compress,Measurement,20,6232.344408,6232.272366,42.717,987.741,148.531349,148.531349,227.1532,0.680411,0.003621,0.961032
CPU,Compress,Measurement,18,5611.030276,5610.925435,39.531,918.106,143.059127,143.059127,227.346571,0.656581,0.003815,0.958408
CPU,Compress,Measurement,16,4979.474098,4979.414504,35.814,835.673,137.692381,137.692381,227.417674,0.633552,0.003919,0.955681
CPU,Compress,Measurement,14,4352.256118,4352.211723,31.738,744.875,132.749841,132.749841,227.46708,0.612434,0.004023,0.952942
CPU,Compress,Measurement,12,3736.357442,3736.294288,27.571,651.068,127.959444,127.959444,227.653192,0.591893,0.004134,0.949643
CPU,Compress,Measurement,10,3118.556289,3118.534578,23.039,547.578,123.567222,123.567222,228.162696,0.572503,0.004245,0.946001
CPU,Compress,Measurement,8,2498.497732,2498.475455,18.463,442.489,119.315714,119.315714,228.513923,0.554332,0.004363,0.941942
CPU,Compress,Measurement,6,1871.304709,1871.224092,13.788,333.700,114.80627,114.80627,227.763806,0.537541,0.004493,0.937733
CPU,Compress,Measurement,4,1249.125807,1249.09234,9.156,223.650,110.070794,110.070794,227.634934,0.518681,0.004645,0.932279
CPU,Compress,Measurement,2,627.755687,627.748407,4.586,113.322,103.944683,103.944683,227.688904,0.493781,0.004861,0.924548
CPU,CryptoAES,Measurement,100,226650.774669,226650.447903,122.511,3673.358,416.375873,416.375873,226.797341,1.854625,0.003575,0.989952
CPU,CryptoAES,Measurement,98,222025.438303,222022.929887,117.142,3550.500,415.219206,415.219206,226.249437,1.853622,0.003578,0.990141
CPU,CryptoAES,Measurement,96,217522.679947,217521.110422,112.673,3434.294,411.606032,411.606032,226.296683,1.837533,0.003601,0.989887
CPU,CryptoAES,Measurement,94,213053.410202,213049.502761,108.682,3329.691,408.096825,408.096825,226.375085,1.821777,0.003624,0.989592
CPU,CryptoAES,Measurement,92,208404.881525,208403.906895,104.792,3225.698,404.68373,404.68373,226.495637,1.806099,0.003647,0.989298
CPU,CryptoAES,Measurement,90,203934.19656,203928.190428,101.440,3126.453,402.717302,402.717302,226.698401,1.795848,0.003658,0.989237
CPU,CryptoAES,Measurement,88,199362.771435,199361.33406,98.131,3028.837,399.682302,399.682302,226.924501,1.780976,0.003678,0.988994
CPU,CryptoAES,Measurement,86,194891.066045,194889.488846,114.464,3386.012,327.387143,327.387143,227.278544,1.465504,0.004248,0.982929
CPU,CryptoAES,Measurement,84,190359.440998,190357.398862,110.143,3276.853,324.007857,324.007857,226.684979,1.45431,0.004277,0.982847
CPU,CryptoAES,Measurement,82,185823.070404,185821.34729,106.244,3169.705,320.801905,320.801905,226.245044,1.443079,0.004308,0.982598
CPU,CryptoAES,Measurement,80,181329.364229,181327.704356,102.356,3066.336,317.965873,317.965873,226.295825,1.430574,0.004337,0.9822
CPU,CryptoAES,Measurement,78,176743.212487,176741.531707,98.585,2966.412,314.98,314.98,225.989465,1.419486,0.004368,0.981904
CPU,CryptoAES,Measurement,76,172178.462243,172177.824043,95.029,2869.408,311.88246,311.88246,226.093127,1.405442,0.0044,0.981502
CPU,CryptoAES,Measurement,74,167682.924653,167682.101289,91.630,2776.478,309.303968,309.303968,226.26385,1.393266,0.004428,0.981153
CPU,CryptoAES,Measurement,72,163137.160455,163135.798464,88.442,2685.469,305.508095,305.508095,226.383072,1.376184,0.00447,0.980628
CPU,CryptoAES,Measurement,70,158631.253754,158629.396147,85.217,2599.183,302.164286,302.164286,226.321685,1.361679,0.004503,0.980515
CPU,CryptoAES,Measurement,68,154037.597077,154035.630924,82.055,2510.170,298.548254,298.548254,225.37441,1.351464,0.004543,0.980185
CPU,CryptoAES,Measurement,66,149574.677976,149573.162107,79.217,2427.498,295.015476,295.015476,225.531874,1.335253,0.004585,0.979663
CPU,CryptoAES,Measurement,64,145051.411952,145050.40077,76.225,2345.227,291.403333,291.403333,225.657736,1.318955,0.004629,0.979082
CPU,CryptoAES,Measurement,62,140516.848906,140514.578975,73.329,2262.680,287.877302,287.877302,225.764565,1.303016,0.004672,0.978595
CPU,CryptoAES,Measurement,60,135966.560831,135965.021421,70.407,2181.774,284.077937,284.077937,226.169893,1.28441,0.004721,0.977917
CPU,CryptoAES,Measurement,58,131446.672027,131445.63528,67.808,2104.487,280.139524,280.139524,226.519646,1.265084,0.004768,0.977587
CPU,CryptoAES,Measurement,56,126949.10646,126946.679764,65.299,2029.527,276.08246,276.08246,226.763367,1.246182,0.004821,0.97699
CPU,CryptoAES,Measurement,54,122334.56235,122333.792308,62.678,1954.414,272.001032,272.001032,226.177021,1.231796,0.004877,0.97631
CPU,CryptoAES,Measurement,52,117851.527235,117850.482429,60.325,1884.650,267.659206,267.659206,226.299676,1.21196,0.004934,0.975932
CPU,CryptoAES,Measurement,50,113260.478661,113259.63033,58.108,1815.474,263.370794,263.370794,226.35929,1.193155,0.004997,0.975158
CPU,CryptoAES,Measurement,48,108738.371213,108737.605839,55.770,1745.046,259.294206,259.294206,226.737213,1.173597,0.005057,0.974428
CPU,CryptoAES,Measurement,46,104242.058479,104240.455646,53.592,1678.163,254.810873,254.810873,226.96093,1.153017,0.005125,0.973722
CPU,CryptoAES,Measurement,44,99694.285445,99692.756441,51.473,1611.484,250.497937,250.497937,227.388888,1.131711,0.005188,0.973429
CPU,CryptoAES,Measurement,42,95156.945478,95156.023535,49.677,1550.469,-1,-1,227.850282,-1,-1,-1
CPU,CryptoAES,Measurement,40,90628.524879,90627.909411,48.251,1496.655,-1,-1,227.271286,-1,-1,-1
CPU,CryptoAES,Measurement,38,86149.336095,86148.585426,47.486,1459.273,-1,-1,227.1191,-1,-1,0.9776
CPU,CryptoAES,Measurement,36,81578.701143,81578.063583,47.600,1442.102,230.048889,230.048889,227.391015,1.03557,0.002552,0.976932
CPU,CryptoAES,Measurement,34,77004.514684,77003.819639,48.968,1455.146,220.742063,220.742063,227.14045,0.995549,0.002559,0.976198
CPU,CryptoAES,Measurement,32,72504.819625,72502.979717,52.568,1534.628,207.834841,207.834841,227.279668,0.938029,0.00257,0.974891
CPU,CryptoAES,Measurement,30,68011.429364,68010.521367,59.997,1729.444,189.339921,189.339921,227.441468,0.855665,0.002587,0.972982
CPU,CryptoAES,Measurement,28,63445.133737,63444.297477,68.345,1970.635,168.183571,168.183571,227.847177,0.762084,0.002627,0.968652
CPU,CryptoAES,Measurement,26,58901.574057,58900.959912,69.033,2005.741,156.225952,156.225952,228.012804,0.710656,0.002668,0.964176
CPU,CryptoAES,Measurement,24,54369.72158,54369.205705,64.839,1903.699,150.108889,150.108889,228.333362,0.683747,0.003173,0.961508
CPU,CryptoAES,Measurement,22,49886.466197,49885.967345,58.911,1751.462,146.447222,146.447222,228.535424,0.667638,0.003746,0.959829
CPU,CryptoAES,Measurement,20,45323.334981,45322.50195,52.558,1584.487,143.473889,143.473889,228.760103,0.65456,0.003811,0.958189
CPU,CryptoAES,Measurement,18,40801.719364,40801.324833,46.497,1419.987,140.982143,140.982143,228.755868,0.643889,0.003856,0.957175
CPU,CryptoAES,Measurement,16,36245.109604,36244.54339,40.504,1258.558,137.453968,137.453968,228.792805,0.629073,0.003928,0.955039
CPU,CryptoAES,Measurement,14,31732.010308,31731.717856,34.760,1100.623,134.22127,134.22127,228.928556,0.6152,0.003997,0.953037
CPU,CryptoAES,Measurement,12,27164.026278,27160.672834,29.193,943.939,130.750952,130.750952,229.12288,0.60041,0.004077,0.950459
CPU,CryptoAES,Measurement,10,22642.020503,22641.857054,23.933,791.130,126.871825,126.871825,229.318889,0.583827,0.004169,0.947645
CPU,CryptoAES,Measurement,8,18109.928934,18109.748331,18.813,638.283,122.828333,122.828333,229.069634,0.567589,0.00427,0.944717
CPU,CryptoAES,Measurement,6,13588.145619,13587.835447,13.860,485.178,118.403651,118.403651,229.351571,0.548991,0.004394,0.940379
CPU,CryptoAES,Measurement,4,9070.091936,9070.057129,9.085,329.497,113.561905,113.561905,229.525115,0.529119,0.004541,0.93509
CPU,CryptoAES,Measurement,2,4531.157862,4531.110732,4.465,168.489,108.003889,108.003889,229.50123,0.506817,0.004724,0.928559
CPU,LU,Measurement,100,71715.758352,71692.681014,167.988,3658.142,426.763889,426.763889,226.422415,1.903315,0.003519,0.990314
CPU,LU,Measurement,98,71765.548419,71764.902666,162.875,3379.499,429.161349,429.161349,226.521698,1.913011,0.003507,0.990379
CPU,LU,Measurement,96,70291.399894,70291.085863,156.162,3240.861,428.775079,428.775079,226.744122,1.909347,0.003507,0.990413
CPU,LU,Measurement,94,68802.357023,68800.714235,151.206,3073.233,425.390556,425.390556,226.7576,1.894908,0.003529,0.990071
CPU,LU,Measurement,92,67336.466364,67336.120368,149.212,3066.344,412.249524,412.249524,226.628829,1.839042,0.003586,0.99057
CPU,LU,Measurement,90,65931.077568,65930.318668,140.114,2971.879,424.30746,424.30746,226.697494,1.88954,0.003523,0.990633
CPU,LU,Measurement,88,64423.893329,64423.149213,138.537,3077.364,424.315556,424.315556,226.953905,1.88797,0.00353,0.990298
CPU,LU,Measurement,86,62993.207736,62992.458306,144.170,3113.447,373.742222,373.742222,227.28473,1.666436,0.003863,0.986789
CPU,LU,Measurement,84,61487.941926,61487.22801,153.492,3348.593,337.192857,337.192857,227.536902,1.506874,0.004161,0.983689
CPU,LU,Measurement,82,60038.852821,60038.354271,146.259,3254.588,337.505635,337.505635,228.54277,1.50285,0.004167,0.983081
CPU,LU,Measurement,80,58566.564353,58566.003575,142.091,3079.512,325.849683,325.849683,228.661136,1.451462,0.004274,0.981809
CPU,LU,Measurement,78,57102.97253,57102.227593,137.738,3031.030,323.039921,323.039921,228.714873,1.439295,0.004304,0.981325
CPU,LU,Measurement,76,55634.79171,55633.923455,133.062,2888.499,319.021349,319.021349,228.598448,1.422841,0.004344,0.98082
CPU,LU,Measurement,74,54180.478711,54180.079208,127.631,2828.429,317.136984,317.136984,228.775288,1.413885,0.004365,0.980462
CPU,LU,Measurement,72,52767.925483,52767.32029,123.736,2772.075,313.197302,313.197302,229.027112,1.395619,0.004407,0.979867
CPU,LU,Measurement,70,51248.301913,51247.737845,117.879,2474.895,303.488889,303.488889,229.146799,1.35337,0.004512,0.978626
CPU,LU,Measurement,68,49767.66189,49767.340185,114.381,2407.220,299.731508,299.731508,229.089006,1.337703,0.004555,0.978071
CPU,LU,Measurement,66,48308.760672,48307.627151,110.021,2368.838,296.909524,296.909524,229.270738,1.324642,0.004588,0.977637
CPU,LU,Measurement,64,46843.773756,46842.951438,105.759,2212.650,289.961984,289.961984,229.212343,1.295228,0.00467,0.976698
CPU,LU,Measurement,62,45408.362693,45407.488605,101.968,2124.090,284.838175,284.838175,229.292827,1.272238,0.004727,0.976444
CPU,LU,Measurement,60,43912.00922,43911.748651,98.236,2034.862,279.813492,279.813492,229.533911,1.249968,0.004796,0.975279
CPU,LU,Measurement,58,42488.777169,42488.3593,94.966,1966.383,275.508571,275.508571,229.076453,1.233742,0.004851,0.974842
CPU,LU,Measurement,56,40989.165353,40988.863662,91.548,1906.679,270.857063,270.857063,229.086454,1.213534,0.004912,0.9743
CPU,LU,Measurement,54,39558.308812,39557.915799,88.546,1816.234,265.072619,265.072619,229.350535,1.187477,0.004994,0.973297
CPU,LU,Measurement,52,38073.015345,38072.653568,85.331,1728.806,258.552619,258.552619,229.586125,1.158191,0.005088,0.972348
CPU,LU,Measurement,50,36608.242478,36606.260569,83.295,1639.571,252.05,252.05,229.660494,1.126616,0.005156,0.974169
CPU,LU,Measurement,48,35161.390142,35156.013095,80.155,1602.218,250.117937,250.117937,229.644234,1.113114,0.005135,0.978495
CPU,LU,Measurement,46,33653.607969,33653.372983,78.363,1538.372,242.574127,242.574127,229.789233,1.080097,0.005259,0.977367
CPU,LU,Measurement,44,32218.456613,32218.226365,77.433,1461.314,234.103571,234.103571,229.704313,1.043631,0.005401,0.976556
CPU,LU,Measurement,42,30771.50972,30766.223392,76.257,1429.057,227.39,227.39,229.852248,1.013612,0.002561,0.976013
CPU,LU,Measurement,40,29289.888997,29289.655727,73.830,1410.469,223.409286,223.409286,229.602106,0.997148,0.002562,0.975827
CPU,LU,Measurement,38,27834.874962,27834.453467,72.633,1391.528,217.401349,217.401349,229.607972,0.970884,0.002568,0.97524
CPU,LU,Measurement,36,26366.687472,26366.51445,73.002,1373.468,208.526032,208.526032,229.539144,0.932401,0.002576,0.97435
CPU,LU,Measurement,34,24906.032057,24905.945368,73.510,1368.804,199.770952,199.770952,229.702031,0.89343,0.002583,0.973459
CPU,LU,Measurement,32,23432.274555,23432.054632,73.760,1379.470,191.481587,191.481587,229.900027,0.85646,0.002592,0.972515
CPU,LU,Measurement,30,21959.867991,21959.611558,75.998,1408.528,180.206032,180.206032,229.889796,0.80752,0.002608,0.970755
CPU,LU,Measurement,28,20514.102223,20513.577318,75.042,1423.270,172.521111,172.521111,230.09915,0.774119,0.002628,0.968569
CPU,LU,Measurement,26,19032.40501,19032.269114,75.233,1442.403,163.457302,163.457302,230.245657,0.735597,0.00266,0.965129
CPU,LU,Measurement,24,17584.998361,17584.744813,74.155,1442.158,154.711667,154.711667,230.327389,0.698606,0.002691,0.961521
CPU,LU,Measurement,22,16123.66759,16123.35679,73.080,1414.785,145.725,145.725,230.497161,0.660309,0.003784,0.957494
CPU,LU,Measurement,20,14636.46819,14636.373926,68.441,1336.340,139.664127,139.664127,230.603508,0.63456,0.003899,0.954462
CPU,LU,Measurement,18,13185.477556,13185.232645,62.697,1222.786,134.545635,134.545635,230.613745,0.613175,0.004004,0.951499
CPU,LU,Measurement,16,11708.139154,11708.051598,56.043,1088.852,130.324206,130.324206,230.702468,0.595513,0.004099,0.948603
CPU,LU,Measurement,14,10259.447359,10259.334297,49.045,946.429,126.611905,126.611905,230.759858,0.580099,0.004188,0.945841
CPU,LU,Measurement,12,8780.053206,8779.797706,41.755,799.643,122.974206,122.974206,230.641042,0.565429,0.00428,0.942982
CPU,LU,Measurement,10,7324.482738,7324.4148,34.638,661.939,119.641746,119.641746,230.479303,0.552232,0.00437,0.940021
CPU,LU,Measurement,8,5854.458,5854.298819,27.586,513.743,115.952937,115.952937,230.512552,0.537342,0.004479,0.936152
CPU,LU,Measurement,6,4387.625278,4387.578504,20.497,381.172,112.501667,112.501667,230.600091,0.523343,0.004587,0.932222
CPU,LU,Measurement,4,2928.497975,2928.463465,13.589,250.061,108.730476,108.730476,230.785648,0.507991,0.004713,0.927454
CPU,LU,Measurement,2,1462.505631,1462.49413,6.740,123.066,103.873413,103.873413,230.744613,0.488945,0.004889,0.920697
CPU,SOR,Measurement,100,58823.517417,58821.174749,40.863,3793.389,343.565079,343.565079,229.751128,1.521139,0.004118,0.983087
CPU,SOR,Measurement,98,57618.56766,57618.27803,39.689,3681.913,342.526746,342.526746,230.033107,1.514959,0.004128,0.982913
CPU,SOR,Measurement,96,56487.612926,56487.046811,38.643,3574.976,340.676429,340.676429,230.148351,1.505823,0.00414,0.983052
CPU,SOR,Measurement,94,55273.72914,55270.482439,37.567,3467.147,338.360794,338.360794,230.29677,1.495077,0.004161,0.982759
CPU,SOR,Measurement,92,54083.381845,54082.723473,36.506,3354.487,334.702302,334.702302,230.164926,1.480462,0.004196,0.982275
CPU,SOR,Measurement,90,52907.654284,52906.77889,35.677,3261.234,335.061667,335.061667,230.15191,1.482322,0.004195,0.982156
CPU,SOR,Measurement,88,51724.198014,51723.916571,34.586,3165.815,331.469841,331.469841,230.196036,1.466737,0.004228,0.981743
CPU,SOR,Measurement,86,50583.273269,50582.827349,33.657,3075.748,327.927222,327.927222,230.161125,1.451792,0.004261,0.981404
CPU,SOR,Measurement,84,49436.109407,49435.69265,38.429,3546.899,260.783651,260.783651,230.466276,1.163646,0.005057,0.972421
CPU,SOR,Measurement,82,48217.357249,48216.914224,37.278,3430.327,260.09127,260.09127,230.480722,1.151771,0.004984,0.979771
CPU,SOR,Measurement,80,47008.778242,47008.362958,36.050,3313.921,258.01881,258.01881,230.601198,1.142372,0.005015,0.979454
CPU,SOR,Measurement,78,45863.839619,45863.388434,34.954,3198.005,255.772778,255.772778,230.733506,1.13231,0.005051,0.978997
CPU,SOR,Measurement,76,44680.880439,44680.521355,33.874,3094.585,254.922063,254.922063,230.389067,1.130292,0.005063,0.978983
CPU,SOR,Measurement,74,43487.447485,43487.215638,32.789,2986.141,251.953413,251.953413,229.936755,1.119547,0.005106,0.978753
CPU,SOR,Measurement,72,42316.913592,42316.255137,31.750,2878.896,249.719048,249.719048,230.123981,1.109253,0.005143,0.978275
CPU,SOR,Measurement,70,41148.078468,41147.008986,30.752,2779.717,247.582222,247.582222,230.152865,1.100044,0.005178,0.977905
CPU,SOR,Measurement,68,39980.324512,39979.987826,29.719,2674.899,244.856349,244.856349,230.052078,1.088743,0.005222,0.977603
CPU,SOR,Measurement,66,38803.607313,38801.332162,28.716,2583.216,242.702619,242.702619,229.887706,1.080247,0.005257,0.977329
CPU,SOR,Measurement,64,37666.151194,37665.936353,27.764,2482.208,239.860476,239.860476,230.018105,1.067346,0.005304,0.976997
CPU,SOR,Measurement,62,36435.672512,36435.3166,26.766,2391.058,237.749206,237.749206,229.938262,1.058453,0.005339,0.976883
CPU,SOR,Measurement,60,35279.156993,35278.592316,25.846,2293.005,234.564048,234.564048,229.876197,1.044817,0.005392,0.976629
CPU,SOR,Measurement,58,34137.030355,34136.861677,24.968,2213.562,232.065635,232.065635,230.077386,1.03299,0.005435,0.976435
CPU,SOR,Measurement,56,32936.194109,32935.990691,24.075,2117.676,228.62627,228.62627,230.048342,1.018166,0.005497,0.976087
CPU,SOR,Measurement,54,31763.477527,31763.151041,23.204,2038.967,225.874841,225.874841,230.052864,1.006121,0.005547,0.975875
CPU,SOR,Measurement,52,30586.882017,30586.268412,22.389,1951.838,222.198492,222.198492,229.961604,0.990432,0.005615,0.975583
CPU,SOR,Measurement,50,29383.027811,29382.659874,21.577,1873.807,218.866032,218.866032,229.899449,0.976306,0.005681,0.97512
CPU,SOR,Measurement,48,28217.501733,28217.306448,20.862,1795.668,215.053413,215.053413,229.986917,0.959301,0.005758,0.974748
CPU,SOR,Measurement,46,27049.328257,27049.057787,20.165,1722.263,211.277222,211.277222,229.960164,0.942952,0.005836,0.974343
CPU,SOR,Measurement,44,25856.522402,25856.375529,19.552,1651.579,207.74619,207.74619,229.875408,0.927884,0.005912,0.973989
CPU,SOR,Measurement,42,24697.993132,24697.815208,19.079,1583.707,202.112302,202.112302,230.043667,0.902782,0.002586,0.973203
CPU,SOR,Measurement,40,23508.944711,23508.709579,18.642,1528.777,197.823571,197.823571,229.740119,0.884989,0.002588,0.972995
CPU,SOR,Measurement,38,22339.941232,22339.834871,18.348,1478.719,193.431667,193.431667,229.780969,0.865556,0.002591,0.972583
CPU,SOR,Measurement,36,21161.18833,21160.860188,18.210,1437.816,187.307698,187.307698,229.734057,0.838829,0.002596,0.971987
CPU,SOR,Measurement,34,19997.450182,19997.079824,18.118,1407.799,181.797619,181.797619,229.755485,0.814834,0.002605,0.9711
CPU,SOR,Measurement,32,18823.336809,18823.254701,18.142,1385.994,175.791746,175.791746,229.745578,0.789171,0.002619,0.969587
CPU,SOR,Measurement,30,17627.073507,17626.944756,18.296,1379.809,168.774206,168.774206,229.708825,0.759501,0.002639,0.967394
CPU,SOR,Measurement,28,16435.860213,16435.704356,18.373,1385.514,162.183333,162.183333,229.782397,0.731663,0.002664,0.964696
CPU,SOR,Measurement,26,15270.870944,15270.677743,18.430,1392.621,155.320714,155.320714,230.052315,0.702174,0.002691,0.961556
CPU,SOR,Measurement,24,14090.140253,14089.938438,18.286,1395.557,148.334683,148.334683,230.081119,0.672642,0.003629,0.958501
CPU,SOR,Measurement,22,12924.192109,12924.024436,17.996,1391.919,141.689048,141.689048,230.115329,0.644419,0.00386,0.955508
CPU,SOR,Measurement,20,11754.71821,11754.518067,17.233,1347.783,136.051032,136.051032,230.177787,0.620571,0.003972,0.952481
CPU,SOR,Measurement,18,10586.618203,10586.424382,16.186,1279.127,130.965952,130.965952,229.706766,0.600326,0.004079,0.949754
CPU,SOR,Measurement,16,9411.803834,9411.715873,14.801,1175.702,126.608651,126.608651,229.76628,0.582173,0.004183,0.94654
CPU,SOR,Measurement,14,8227.098262,8226.909168,13.138,1042.822,123.086825,123.086825,229.637804,0.56795,0.004272,0.943774
CPU,SOR,Measurement,12,7055.159816,7055.059904,11.374,901.021,119.864524,119.864524,229.755878,0.554628,0.004361,0.940641
CPU,SOR,Measurement,10,5871.000253,5870.948249,9.500,748.254,116.834841,116.834841,229.664778,0.542593,0.004449,0.937581
CPU,SOR,Measurement,8,4705.673795,4705.568766,7.634,598.776,113.982063,113.982063,229.635816,0.531077,0.004535,0.934649
CPU,SOR,Measurement,6,3523.046915,3523.021039,5.726,447.053,110.858016,110.858016,229.831435,0.518181,0.004636,0.930869
CPU,SOR,Measurement,4,2346.309244,2346.293845,3.811,297.207,107.676508,107.676508,229.789925,0.505547,0.004744,0.926898
CPU,SOR,Measurement,2,1177.62384,1177.603875,1.912,149.310,103.30127,103.30127,229.786038,0.488255,0.004905,0.920757
CPU,XMLvalidate,Measurement,100,16921.570896,16921.45196,336.164,3496.332,428.009365,428.009365,228.477169,1.892742,0.00352,0.989809
CPU,XMLvalidate,Measurement,98,16627.326981,16627.027676,323.487,3339.105,423.866587,423.866587,228.509532,1.874673,0.003545,0.989523
CPU,XMLvalidate,Measurement,96,16263.388124,16263.285617,308.316,3169.164,415.607063,415.607063,228.575803,1.838521,0.003593,0.989027
CPU,XMLvalidate,Measurement,94,15918.806027,15918.667795,295.382,3024.481,408.072937,408.072937,228.691912,1.805161,0.003639,0.988561
CPU,XMLvalidate,Measurement,92,15576.973412,15576.829698,283.434,2900.928,400.818333,400.818333,228.484794,1.775145,0.003681,0.98833
CPU,XMLvalidate,Measurement,90,15269.629506,15269.475302,273.758,2796.162,395.002222,395.002222,228.602731,1.749536,0.003723,0.987687
CPU,XMLvalidate,Measurement,88,14921.704141,14921.47914,263.875,2687.932,387.543333,387.543333,228.713746,1.716311,0.003771,0.987316
CPU,XMLvalidate,Measurement,86,14582.334722,14582.248936,254.607,2584.918,381.61373,381.61373,228.536551,1.692387,0.003815,0.986721
CPU,XMLvalidate,Measurement,84,14214.281862,14214.151779,245.947,2487.603,371.305079,371.305079,228.472572,1.648875,0.003892,0.985831
CPU,XMLvalidate,Measurement,82,13895.970029,13895.725553,287.836,2977.737,315.176349,315.176349,228.498046,1.407174,0.004385,0.980251
CPU,XMLvalidate,Measurement,80,13539.45425,13539.317015,275.010,2835.961,309.313333,309.313333,228.394633,1.382647,0.004447,0.979514
CPU,XMLvalidate,Measurement,78,13205.569079,13205.476101,264.417,2713.106,303.78254,303.78254,228.332414,1.359218,0.004507,0.978844
CPU,XMLvalidate,Measurement,76,12885.354721,12885.257987,254.354,2597.537,298.437143,298.437143,228.346924,1.336108,0.004567,0.978196
CPU,XMLvalidate,Measurement,74,12536.350533,12536.15529,244.000,2482.513,292.864841,292.864841,228.643296,1.310715,0.004634,0.977254
CPU,XMLvalidate,Measurement,72,12197.678991,12197.536147,234.344,2375.953,287.889127,287.889127,228.586612,1.289611,0.004693,0.976621
CPU,XMLvalidate,Measurement,70,11857.384867,11857.327472,225.088,2273.635,282.490397,282.490397,228.423144,1.266898,0.004757,0.976187
CPU,XMLvalidate,Measurement,68,11525.53612,11525.450953,216.501,2178.706,277.409365,277.409365,228.460734,1.244796,0.004822,0.975482
CPU,XMLvalidate,Measurement,66,11183.762299,11183.624187,207.775,2083.756,272.209841,272.209841,228.502566,1.222482,0.004894,0.974497
CPU,XMLvalidate,Measurement,64,10841.133079,10840.986087,199.276,1995.771,267.057302,267.057302,228.488515,1.199669,0.004958,0.974304
CPU,XMLvalidate,Measurement,62,10504.44554,10504.346789,191.143,1911.214,262.239603,262.239603,228.453819,1.179428,0.00503,0.97328
CPU,XMLvalidate,Measurement,60,10143.874803,10143.793397,183.032,1822.264,256.668095,256.668095,228.428437,1.155208,0.00511,0.97269
CPU,XMLvalidate,Measurement,58,9818.797024,9818.751998,175.965,1747.879,252.099048,252.099048,228.15795,1.136297,0.005176,0.972426
CPU,XMLvalidate,Measurement,56,9487.266795,9487.187317,168.938,1677.643,247.190794,247.190794,228.276462,1.114545,0.005254,0.971587
CPU,XMLvalidate,Measurement,54,9146.218959,9146.068919,162.105,1602.589,244.454603,244.454603,228.318121,1.094605,0.005222,0.978167
CPU,XMLvalidate,Measurement,52,8798.476052,8798.41422,155.886,1535.282,239.093413,239.093413,228.292889,1.071516,0.005312,0.977437
CPU,XMLvalidate,Measurement,50,8480.36746,8480.285701,150.160,1473.819,234.754841,234.754841,228.339542,1.052309,0.005386,0.977003
CPU,XMLvalidate,Measurement,48,8133.365728,8133.287818,144.267,1412.371,229.332143,229.332143,228.275739,1.028786,0.005481,0.976536
CPU,XMLvalidate,Measurement,46,7804.275193,7804.200216,138.916,1355.729,224.026667,224.026667,228.368381,1.005175,0.005579,0.975967
CPU,XMLvalidate,Measurement,44,7452.884688,7452.821976,133.538,1299.232,218.486508,218.486508,228.326054,0.980904,0.005684,0.975563
CPU,XMLvalidate,Measurement,42,7114.180864,7114.11967,128.708,1247.987,212.779206,212.779206,228.206338,0.956301,0.002569,0.97504
CPU,XMLvalidate,Measurement,40,6761.1147,6760.973007,123.946,1194.553,207.041111,207.041111,227.845808,0.932535,0.002575,0.974463
CPU,XMLvalidate,Measurement,38,6428.241265,6428.206169,120.124,1151.998,201.403571,201.403571,227.701428,0.908277,0.00258,0.973861
CPU,XMLvalidate,Measurement,36,6096.687857,6096.650526,116.355,1110.694,195.765317,195.765317,227.886864,0.882699,0.002586,0.97323
CPU,XMLvalidate,Measurement,34,5764.387788,5764.325599,112.485,1069.506,190.246587,190.246587,227.606947,0.859137,0.002588,0.972929
CPU,XMLvalidate,Measurement,32,5422.505604,5422.462245,108.517,1026.774,184.629762,184.629762,227.443381,0.83475,0.002591,0.972494
CPU,XMLvalidate,Measurement,30,5090.21098,5090.156104,104.692,989.441,179.031667,179.031667,227.402922,0.81035,0.0026,0.971561
CPU,XMLvalidate,Measurement,28,4753.592996,4753.538037,100.855,949.683,173.975397,173.975397,227.060608,0.789435,0.002609,0.970602
CPU,XMLvalidate,Measurement,26,4393.926452,4393.879904,96.258,902.634,167.335476,167.335476,227.041149,0.760967,0.002628,0.968571
CPU,XMLvalidate,Measurement,24,4061.113569,4061.088686,91.857,860.674,161.73754,161.73754,227.008932,0.737223,0.002648,0.96645
CPU,XMLvalidate,Measurement,22,3729.261151,3729.218114,87.123,815.107,156.236111,156.236111,226.865837,0.714237,0.002668,0.964244
CPU,XMLvalidate,Measurement,20,3393.753474,3393.676008,81.873,766.388,150.850476,150.850476,226.978127,0.691002,0.002978,0.961823
CPU,XMLvalidate,Measurement,18,3045.542605,3045.511144,75.546,710.582,145.224365,145.224365,226.534502,0.667963,0.003772,0.959772
CPU,XMLvalidate,Measurement,16,2714.045602,2714.026743,69.313,651.841,139.928175,139.928175,226.429132,0.645438,0.00387,0.957477
CPU,XMLvalidate,Measurement,14,2358.079026,2358.065121,62.141,586.223,134.544206,134.544206,226.787938,0.621585,0.00398,0.954455
CPU,XMLvalidate,Measurement,12,2036.268865,2036.261516,54.550,517.721,129.707381,129.707381,227.129716,0.600412,0.00409,0.951166
CPU,XMLvalidate,Measurement,10,1688.381321,1688.36137,46.353,442.374,124.476667,124.476667,227.534019,0.577571,0.004218,0.94721
CPU,XMLvalidate,Measurement,8,1354.926938,1354.91193,37.840,362.659,119.878571,119.878571,227.544805,0.558614,0.004342,0.943138
CPU,XMLvalidate,Measurement,6,1016.735588,1016.728972,28.908,278.381,114.985238,114.985238,227.762385,0.538241,0.004487,0.937979
CPU,XMLvalidate,Measurement,4,679.991657,679.983522,19.521,190.009,109.897222,109.897222,228.182971,0.516866,0.004653,0.931813
CPU,XMLvalidate,Measurement,2,337.051162,337.048056,9.843,96.097,103.184444,103.184444,228.15226,0.489962,0.004892,0.923065
CPU,Sort,Measurement,100,89121.155875,89120.6441,56.817,3766.348,377.310952,377.310952,226.271159,1.688817,0.003832,0.987445
CPU,Sort,Measurement,98,87300.264779,87299.355597,54.596,3635.723,376.623968,376.623968,225.792436,1.689251,0.003836,0.987494
CPU,Sort,Measurement,96,85545.470767,85544.066709,52.940,3531.145,373.68373,373.68373,225.795361,1.675867,0.003852,0.987589
CPU,Sort,Measurement,94,83747.938917,83747.202204,51.457,3431.876,371.961032,371.961032,226.095849,1.666488,0.003868,0.987267
CPU,Sort,Measurement,92,82002.247819,82000.457958,49.778,3336.041,369.714683,369.714683,226.390127,1.654688,0.003886,0.987002
CPU,Sort,Measurement,90,80226.520773,80224.375786,48.504,3242.050,367.098968,367.098968,226.320054,1.644138,0.003908,0.986614
CPU,Sort,Measurement,88,78401.710499,78400.344506,47.020,3146.147,364.606984,364.606984,226.558832,1.63166,0.003928,0.98636
CPU,Sort,Measurement,86,76651.859874,76651.319969,45.789,3056.020,362.333968,362.333968,226.585887,1.621598,0.003946,0.986169
CPU,Sort,Measurement,84,74836.215029,74835.312306,52.427,3513.680,285.566984,285.566984,226.785724,1.287585,0.004703,0.977957
CPU,Sort,Measurement,82,73079.491125,73078.141987,50.877,3402.281,283.25119,283.25119,226.961066,1.276959,0.004736,0.97735
CPU,Sort,Measurement,80,71236.718477,71236.114315,49.089,3289.618,281.121746,281.121746,226.931693,1.268093,0.004765,0.976898
CPU,Sort,Measurement,78,69480.302103,69479.581596,47.626,3183.752,279.056905,279.056905,226.684237,1.260006,0.004786,0.977019
CPU,Sort,Measurement,76,67704.464655,67703.613454,46.097,3079.281,276.883571,276.883571,226.51686,1.251504,0.004815,0.97673
CPU,Sort,Measurement,74,65935.314004,65934.029659,44.618,2977.777,274.619841,274.619841,226.381705,1.242213,0.004843,0.976571
CPU,Sort,Measurement,72,64131.260958,64130.779495,43.111,2876.088,272.062302,272.062302,226.316321,1.231537,0.004878,0.976142
CPU,Sort,Measurement,70,62346.995047,62345.926595,41.697,2777.669,269.576508,269.576508,226.182834,1.220934,0.004907,0.976196
CPU,Sort,Measurement,68,60618.529146,60618.142052,40.357,2683.233,267.094286,267.094286,226.124826,1.21061,0.004944,0.975683
CPU,Sort,Measurement,66,58777.232343,58776.739042,38.943,2586.242,264.136587,264.136587,226.368437,1.19667,0.004988,0.975078
CPU,Sort,Measurement,64,57019.525473,57018.960622,37.722,2495.701,261.157937,261.157937,226.290665,1.184025,0.00503,0.974718
CPU,Sort,Measurement,62,55232.150791,55231.477656,36.339,2404.354,258.277857,258.277857,226.066692,1.171746,0.005064,0.975044
CPU,Sort,Measurement,60,53410.195937,53409.792887,35.083,2314.258,256.932302,256.932302,225.88391,1.158954,0.005007,0.981455
CPU,Sort,Measurement,58,51663.138751,51662.4543,33.846,2228.616,253.558254,253.558254,229.214175,1.129527,0.005077,0.979375
CPU,Sort,Measurement,56,49895.633073,49895.203283,32.705,2144.832,250.96254,250.96254,229.18014,1.118534,0.005118,0.979004
CPU,Sort,Measurement,54,48123.505371,48122.643216,31.519,2061.955,246.790159,246.790159,229.708744,1.098508,0.005189,0.978028
CPU,Sort,Measurement,52,46342.426364,46341.910272,30.325,1981.184,243.074127,243.074127,229.537634,1.083315,0.00525,0.977538
CPU,Sort,Measurement,50,44533.982329,44533.605267,29.226,1900.045,239.467619,239.467619,229.354941,1.068529,0.005309,0.977137
CPU,Sort,Measurement,48,42769.808264,42769.504396,28.133,1824.834,235.64,235.64,229.329215,1.051957,0.005374,0.976783
CPU,Sort,Measurement,46,40992.223105,40991.907534,27.140,1750.904,231.645079,231.645079,229.134625,1.035216,0.005441,0.976572
CPU,Sort,Measurement,44,39229.028213,39228.742814,26.162,1680.284,227.468016,227.468016,228.971841,1.017534,0.005514,0.976329
CPU,Sort,Measurement,42,37432.832498,37432.642623,25.344,1615.498,222.656349,222.656349,228.887724,0.996605,0.002559,0.976101
CPU,Sort,Measurement,40,35624.613418,35624.263782,24.571,1554.078,217.435,217.435,228.827083,0.973864,0.002563,0.975724
CPU,Sort,Measurement,38,33896.619951,33896.435464,24.054,1505.669,211.735159,211.735159,229.087656,0.947827,0.002568,0.975138
CPU,Sort,Measurement,36,32083.031114,32082.74538,23.614,1465.849,205.378889,205.378889,229.001121,0.920343,0.002574,0.974483
CPU,Sort,Measurement,34,30285.569173,30285.328222,23.386,1440.368,198.997857,198.997857,228.911773,0.892715,0.00258,0.973817
CPU,Sort,Measurement,32,28509.737823,28509.544573,23.314,1433.898,190.648016,190.648016,228.850256,0.856126,0.002586,0.973085
CPU,Sort,Measurement,30,26716.868992,26715.91559,23.379,1450.405,181.978968,181.978968,228.983226,0.817882,0.002598,0.971714
CPU,Sort,Measurement,28,24950.709295,24950.518058,23.463,1487.496,172.787698,172.787698,228.613111,0.779682,0.00262,0.969414
CPU,Sort,Measurement,26,23162.592007,23162.360411,23.506,1541.725,163.028889,163.028889,228.344517,0.739188,0.002653,0.965902
CPU,Sort,Measurement,24,21373.808462,21373.429619,23.306,1594.118,153.121825,153.121825,228.301314,0.697566,0.002715,0.961535
CPU,Sort,Measurement,22,19592.598266,19592.1826,22.696,1617.312,144.498413,144.498413,228.155542,0.661404,0.003801,0.957582
CPU,Sort,Measurement,20,17829.745862,17829.473365,21.436,1572.783,137.835079,137.835079,229.628061,0.629727,0.003937,0.953245
CPU,Sort,Measurement,18,16037.833014,16037.661844,19.712,1474.074,132.670873,132.670873,230.324085,0.606992,0.004047,0.949187
CPU,Sort,Measurement,16,14266.676473,14266.290113,17.691,1330.532,128.626984,128.626984,230.451078,0.589509,0.004144,0.946831
CPU,Sort,Measurement,14,12483.405343,12483.341918,15.474,1163.910,125.745079,125.745079,230.227571,0.578163,0.004214,0.944782
CPU,Sort,Measurement,12,10684.488727,10684.375433,13.281,994.274,122.52381,122.52381,230.217454,0.564921,0.004296,0.94216
CPU,Sort,Measurement,10,8912.735658,8911.817531,11.097,824.433,119.529127,119.529127,230.452335,0.5523,0.00438,0.93917
CPU,Sort,Measurement,8,7135.913743,7135.852111,8.952,657.926,116.023492,116.023492,230.479643,0.537947,0.00448,0.935794
CPU,Sort,Measurement,6,5352.29067,5352.171026,6.794,491.183,112.802381,112.802381,230.496269,0.524974,0.00458,0.932235
CPU,Sort,Measurement,4,3570.753219,3570.688218,4.633,326.926,109.288571,109.288571,230.475036,0.510907,0.004694,0.92815
CPU,Sort,Measurement,2,1783.19888,1783.18704,2.398,163.018,104.714683,104.714683,230.433829,0.492682,0.004854,0.922368
CPU,SHA256,Measurement,100,4108.046826,4108.0336,0.774,3839.968,357.395317,357.395317,229.36296,1.581802,0.003992,0.985125
CPU,SHA256,Measurement,98,4013.465705,4013.412772,0.743,3632.937,351.785714,351.785714,229.218711,1.558796,0.004039,0.984607
CPU,SHA256,Measurement,96,3929.806858,3929.753075,0.721,3494.576,346.738413,346.738413,229.162472,1.537462,0.004081,0.984189
CPU,SHA256,Measurement,94,3851.718312,3851.66707,0.700,3364.526,342.46119,342.46119,229.328917,1.518022,0.004118,0.983784
CPU,SHA256,Measurement,92,3773.011427,3772.97521,0.682,3266.602,338.75254,338.75254,229.325471,1.502257,0.004151,0.983356
CPU,SHA256,Measurement,90,3690.700234,3690.669109,0.659,3110.424,332.661667,332.661667,229.767038,1.473424,0.004207,0.982673
CPU,SHA256,Measurement,88,3602.267269,3602.236292,0.639,2985.279,326.745873,326.745873,230.051148,1.446283,0.004262,0.982112
CPU,SHA256,Measurement,86,3539.109642,3539.080014,0.625,2900.896,323.159444,323.159444,230.157477,1.430958,0.004303,0.981264
CPU,SHA256,Measurement,84,3454.658532,3454.630215,0.607,2795.643,317.670873,317.670873,230.383151,1.406245,0.004358,0.980598
CPU,SHA256,Measurement,82,3353.731013,3353.67653,0.585,2664.588,312.837857,312.837857,230.793464,1.383432,0.00441,0.979856
CPU,SHA256,Measurement,80,3278.298262,3278.246957,0.569,2573.766,308.309206,308.309206,230.846162,1.363923,0.004459,0.979237
CPU,SHA256,Measurement,78,3191.882034,3191.859149,0.551,2475.636,303.170556,303.170556,231.096141,1.340349,0.004512,0.978818
CPU,SHA256,Measurement,76,3102.167718,3102.127939,0.534,2369.942,298.084683,298.084683,231.157343,1.318774,0.004572,0.977875
CPU,SHA256,Measurement,74,3027.6803,3027.65311,0.568,2570.046,268.182143,268.182143,231.518365,1.190391,0.004955,0.973597
CPU,SHA256,Measurement,72,2950.420221,2950.360342,0.587,2675.268,244.796429,244.796429,231.580604,1.082012,0.00523,0.976983
CPU,SHA256,Measurement,70,2860.681988,2860.65931,0.567,2557.898,240.39746,240.39746,231.645603,1.062889,0.005302,0.976422
CPU,SHA256,Measurement,68,2786.977067,2786.923488,0.550,2456.682,237.248016,237.248016,231.5348,1.049831,0.005355,0.97609
CPU,SHA256,Measurement,66,2714.795366,2714.747478,0.536,2374.525,234.492857,234.492857,231.4517,1.038266,0.005402,0.97584
CPU,SHA256,Measurement,64,2627.598257,2627.559706,0.515,2259.283,230.399365,230.399365,231.388636,1.020835,0.005474,0.975461
CPU,SHA256,Measurement,62,2543.951631,2543.930737,0.497,2160.808,226.950794,226.950794,231.088991,1.007028,0.005535,0.975283
CPU,SHA256,Measurement,60,2459.538963,2459.493614,0.481,2059.399,223.282222,223.282222,230.965436,0.991511,0.005601,0.975067
CPU,SHA256,Measurement,58,2366.215173,2366.194967,0.461,1957.541,219.570794,219.570794,230.76194,0.976155,0.005672,0.974812
CPU,SHA256,Measurement,56,2289.88004,2289.855918,0.445,1876.817,215.937698,215.937698,230.39694,0.961726,0.005742,0.974595
CPU,SHA256,Measurement,54,2216.00486,2215.986144,0.431,1794.522,212.365952,212.365952,230.515678,0.945682,0.005816,0.974233
CPU,SHA256,Measurement,52,2137.836412,2137.809068,0.416,1714.768,208.764127,208.764127,230.629631,0.92958,0.005893,0.973812
CPU,SHA256,Measurement,50,2048.923778,2048.908075,0.403,1628.260,205.118175,205.118175,230.539971,0.914007,0.005972,0.9735
CPU,SHA256,Measurement,48,1970.521393,1970.507835,0.391,1553.830,201.11119,201.11119,230.496136,0.896656,0.006063,0.973119
CPU,SHA256,Measurement,46,1881.451921,1881.441982,0.376,1471.321,197.348492,197.348492,230.350921,0.880768,0.006151,0.972766
CPU,SHA256,Measurement,44,1800.062515,1800.047108,0.364,1397.968,193.650635,193.650635,230.319956,0.864748,0.006242,0.972361
CPU,SHA256,Measurement,42,1724.347466,1724.334529,0.356,1333.241,189.969524,189.969524,230.113315,0.849413,0.002597,0.971956
CPU,SHA256,Measurement,40,1640.407171,1640.391281,0.345,1260.027,186.189841,186.189841,229.851955,0.83392,0.002602,0.971421
CPU,SHA256,Measurement,38,1555.429896,1555.410854,0.337,1189.528,182.757143,182.757143,229.585511,0.819834,0.002606,0.971023
CPU,SHA256,Measurement,36,1471.577355,1471.557765,0.327,1124.934,178.357302,178.357302,229.390525,0.801614,0.002615,0.970007
CPU,SHA256,Measurement,34,1395.440874,1395.433625,0.318,1064.559,174.632857,174.632857,229.330042,0.785931,0.002625,0.968971
CPU,SHA256,Measurement,32,1310.152497,1310.128404,0.310,1001.593,170.856587,170.856587,229.269486,0.770082,0.002636,0.967768
CPU,SHA256,Measurement,30,1232.029904,1232.021766,0.303,945.144,167.138571,167.138571,229.092196,0.754922,0.002648,0.966452
CPU,SHA256,Measurement,28,1150.17805,1150.169077,0.294,888.510,162.936508,162.936508,229.161252,0.737085,0.002664,0.964676
CPU,SHA256,Measurement,26,1063.110384,1063.101438,0.287,826.299,158.637937,158.637937,229.23829,0.718853,0.002682,0.962717
CPU,SHA256,Measurement,24,983.368234,983.363955,0.277,770.309,154.614048,154.614048,229.430759,0.701613,0.0027,0.960561
CPU,SHA256,Measurement,22,899.814743,899.796769,0.265,713.562,150.538413,150.538413,229.352992,0.684639,0.003119,0.958751
CPU,SHA256,Measurement,20,817.622974,817.617821,0.254,656.029,146.384286,146.384286,229.198209,0.667529,0.003766,0.95684
CPU,SHA256,Measurement,18,741.01883,741.013741,0.243,602.736,142.541667,142.541667,229.238933,0.651193,0.003852,0.954919
CPU,SHA256,Measurement,16,653.064579,653.061039,0.224,541.374,137.818095,137.818095,229.039648,0.63165,0.003943,0.952667
CPU,SHA256,Measurement,14,576.571515,576.440904,0.209,486.914,133.732063,133.732063,228.944007,0.614656,0.004028,0.950368
CPU,SHA256,Measurement,12,490.810417,490.796866,0.189,422.912,129.068095,129.068095,229.312428,0.594248,0.004133,0.947209
CPU,SHA256,Measurement,10,410.932691,410.929001,0.161,361.543,124.638413,124.638413,229.049674,0.576423,0.00424,0.944054
CPU,SHA256,Measurement,8,329.487002,329.484904,0.137,297.506,119.76254,119.76254,229.22995,0.556021,0.004371,0.939671
CPU,SHA256,Measurement,6,244.200424,244.19857,0.106,226.461,114.63119,114.63119,229.276024,0.535008,0.004521,0.934551
CPU,SHA256,Measurement,4,163.098714,163.097874,0.074,156.915,108.894206,108.894206,229.365661,0.511628,0.004706,0.927972
CPU,SHA256,Measurement,2,82.034972,82.032754,0.041,81.993,102.06,102.06,229.00268,0.484902,0.004952,0.919122
